{
	"info": {
		"_postman_id": "e748263c-747b-4df3-acfc-46b82b2a5917",
		"name": "Heady",
		"schema": "https://schema.getpostman.com/json/collection/v2.1.0/collection.json"
	},
	"item": [
		{
			"name": "Add Categories and subcategories",
			"request": {
				"method": "POST",
				"header": [],
				"body": {
					"mode": "raw",
					"raw": "{\n\t\"name\":\"embedded\",\n\t\"parent\":\"/electronics/embedded\",\n\t\"category\":\"/electronics/embedded/chip2\"\n}",
					"options": {
						"raw": {
							"language": "json"
						}
					}
				},
				"url": {
					"raw": "http://localhost:3000/api/categories",
					"protocol": "http",
					"host": [
						"localhost"
					],
					"port": "3000",
					"path": [
						"api",
						"categories"
					]
				},
				"description": "http://localhost:3000/api/categories"
			},
			"response": []
		},
		{
			"name": "Get all cateagories with child categories",
			"protocolProfileBehavior": {
				"disableBodyPruning": true
			},
			"request": {
				"method": "GET",
				"header": [],
				"body": {
					"mode": "raw",
					"raw": "",
					"options": {
						"raw": {
							"language": "json"
						}
					}
				},
				"url": {
					"raw": "http://localhost:3000/api/categories",
					"protocol": "http",
					"host": [
						"localhost"
					],
					"port": "3000",
					"path": [
						"api",
						"categories"
					]
				},
				"description": "http://localhost:3000/api/categories"
			},
			"response": []
		},
		{
			"name": "Get product by catgories name ",
			"protocolProfileBehavior": {
				"disableBodyPruning": true
			},
			"request": {
				"method": "GET",
				"header": [],
				"body": {
					"mode": "raw",
					"raw": "{\n\t\"name\":\"Intel-chip21\",\n\t\"cost\":30,\n\t\"currency\":\"GBP\",\n\t\"categories\":[\"/electronics\",\"/electronics/embedded/chip2\"]\n}",
					"options": {
						"raw": {
							"language": "json"
						}
					}
				},
				"url": {
					"raw": "http://localhost:3000/api/products?categories=/electronics,/electronics/embedded/chip2",
					"protocol": "http",
					"host": [
						"localhost"
					],
					"port": "3000",
					"path": [
						"api",
						"products"
					],
					"query": [
						{
							"key": "categories",
							"value": "/electronics,/electronics/embedded/chip2"
						}
					]
				},
				"description": "http://localhost:3000/api/products?categories=/electronics,/electronics/embedded/chip2"
			},
			"response": []
		},
		{
			"name": "Create products",
			"request": {
				"method": "POST",
				"header": [],
				"body": {
					"mode": "raw",
					"raw": "{\n\t\"name\":\"Intel-chip21\",\n\t\"cost\":30,\n\t\"currency\":\"GBP\",\n\t\"categories\":[\"/electronics\",\"/electronics/embedded/chip2\"]\n}",
					"options": {
						"raw": {
							"language": "json"
						}
					}
				},
				"url": {
					"raw": "http://localhost:3000/api/products",
					"protocol": "http",
					"host": [
						"localhost"
					],
					"port": "3000",
					"path": [
						"api",
						"products"
					]
				},
				"description": "http://localhost:3000/api/products"
			},
			"response": []
		},
		{
			"name": "Update Product",
			"request": {
				"method": "PUT",
				"header": [],
				"body": {
					"mode": "raw",
					"raw": "{\n\t\"name\":\"Intel-chip213\",\n\t\"cost\":303,\n\t\"currency\":\"EUR\",\n\t\"categories\":[\"/electronics\",\"/electronics/embedded/chip4\"]\n}",
					"options": {
						"raw": {
							"language": "json"
						}
					}
				},
				"url": {
					"raw": "http://localhost:3000/api/products/5ebe97d2326e3b0ceccf8286",
					"protocol": "http",
					"host": [
						"localhost"
					],
					"port": "3000",
					"path": [
						"api",
						"products",
						"5ebe97d2326e3b0ceccf8286"
					]
				},
				"description": "http://localhost:3000/api/products/5ebe97d2326e3b0ceccf8286"
			},
			"response": []
		}
	],
	"protocolProfileBehavior": {}
}